connection node_2;
connection node_1;
connection node_1;
connection node_2;
connection node_3;
connection node_1;
CREATE TABLE t1 (f1 INTEGER) ENGINE=InnoDB;
SET SESSION wsrep_on=OFF;
ALTER TABLE t1 ADD PRIMARY KEY (f1);
SET SESSION wsrep_on=ON;
connection node_3;
SET SESSION wsrep_on=OFF;
ALTER TABLE t1 ADD PRIMARY KEY (f1);
SET SESSION wsrep_on=ON;
connection node_2;
SET SESSION wsrep_osu_method=NBO;
ALTER TABLE t1 LOCK=SHARED, ADD PRIMARY KEY (f1);
ERROR 70100: Query execution was interrupted
connection node_1;
SELECT VARIABLE_VALUE = 'Primary' FROM INFORMATION_SCHEMA.GLOBAL_STATUS WHERE VARIABLE_NAME = 'wsrep_cluster_status';
VARIABLE_VALUE = 'Primary'
1
connect node_3X, 127.0.0.1, root, , test, $NODE_MYPORT_3;
connection node_3X;
SELECT VARIABLE_VALUE = 2 FROM INFORMATION_SCHEMA.GLOBAL_STATUS WHERE VARIABLE_NAME = 'wsrep_cluster_size';
VARIABLE_VALUE = 2
1
SELECT VARIABLE_VALUE = 'Primary' FROM INFORMATION_SCHEMA.GLOBAL_STATUS WHERE VARIABLE_NAME = 'wsrep_cluster_status';
VARIABLE_VALUE = 'Primary'
1
connection node_2;
SET SESSION wsrep_sync_wait = 0;
SELECT VARIABLE_VALUE = 'Disconnected' FROM INFORMATION_SCHEMA.GLOBAL_STATUS WHERE VARIABLE_NAME = 'wsrep_cluster_status';
VARIABLE_VALUE = 'Disconnected'
1
SELECT VARIABLE_VALUE = 'Inconsistent' FROM INFORMATION_SCHEMA.GLOBAL_STATUS WHERE VARIABLE_NAME = 'wsrep_local_state_comment';
VARIABLE_VALUE = 'Inconsistent'
1
# restart
connection node_1;
connection node_2;
SELECT VARIABLE_VALUE = 'Primary' FROM INFORMATION_SCHEMA.GLOBAL_STATUS WHERE VARIABLE_NAME = 'wsrep_cluster_status';
VARIABLE_VALUE = 'Primary'
1
connection node_1;
SHOW CREATE TABLE t1;
Table	Create Table
t1	CREATE TABLE `t1` (
  `f1` int(11) NOT NULL,
  PRIMARY KEY (`f1`)
) ENGINE=InnoDB DEFAULT CHARSET=latin1
connection node_2;
SHOW CREATE TABLE t1;
Table	Create Table
t1	CREATE TABLE `t1` (
  `f1` int(11) NOT NULL,
  PRIMARY KEY (`f1`)
) ENGINE=InnoDB DEFAULT CHARSET=latin1
connection node_3X;
SHOW CREATE TABLE t1;
Table	Create Table
t1	CREATE TABLE `t1` (
  `f1` int(11) NOT NULL,
  PRIMARY KEY (`f1`)
) ENGINE=InnoDB DEFAULT CHARSET=latin1
connection node_2;
SET SESSION wsrep_osu_method=TOI;
DROP TABLE t1;
connection node_1;
CALL mtr.add_suppression("Slave SQL: Error");
connection node_2;
CALL mtr.add_suppression("inconsistent with group");
CALL mtr.add_suppression("Failed to send NBO-end");
CALL mtr.add_suppression("NBO phase two begin failed for:");
connection node_3;
CALL mtr.add_suppression("Slave SQL: Error");
