connection node_2;
connection node_1;
CREATE TABLE t1 (f1 INTEGER NOT NULL) ENGINE=InnoDB;
SET SESSION wsrep_osu_method=NBO;
connection node_2;
SET GLOBAL debug_dbug = 'd,sync.wsrep_alter_locked_tables';
connection node_1;
ALTER TABLE t1 LOCK=EXCLUSIVE, ADD PRIMARY KEY (f1);;
connection node_2;
SET SESSION wsrep_sync_wait=0;
SET SESSION lock_wait_timeout=1;
INSERT INTO t1 VALUES (1);
ERROR HY000: Lock wait timeout exceeded; try restarting transaction
SELECT * FROM t1;
ERROR HY000: Lock wait timeout exceeded; try restarting transaction
connect node_1a, 127.0.0.1, root, , test, $NODE_MYPORT_1;
connection node_1a;
SET SESSION lock_wait_timeout=1;
INSERT INTO t1 VALUES (3);
ERROR HY000: Lock wait timeout exceeded; try restarting transaction
SELECT * FROM t1;
ERROR HY000: Lock wait timeout exceeded; try restarting transaction
connection node_2;
SET GLOBAL debug_dbug = '';
SET DEBUG_SYNC= 'now SIGNAL signal.wsrep_alter_locked_tables';
SHOW CREATE TABLE t1;
Table	Create Table
t1	CREATE TABLE `t1` (
  `f1` int(11) NOT NULL,
  PRIMARY KEY (`f1`)
) ENGINE=InnoDB DEFAULT CHARSET=latin1
SELECT COUNT(*) = 0 FROM t1;
COUNT(*) = 0
1
connection node_1;
SHOW CREATE TABLE t1;
Table	Create Table
t1	CREATE TABLE `t1` (
  `f1` int(11) NOT NULL,
  PRIMARY KEY (`f1`)
) ENGINE=InnoDB DEFAULT CHARSET=latin1
SELECT COUNT(*) = 0 FROM t1;
COUNT(*) = 0
1
SET SESSION wsrep_osu_method=TOI;
DROP TABLE t1;
connection node_2;
SET DEBUG_SYNC= 'RESET';
