connection node_2;
connection node_1;
CREATE TABLE t1 (f1 INTEGER NOT NULL) ENGINE=InnoDB;
CREATE TABLE t2 (f1 INTEGER) ENGINE=InnoDB;
INSERT INTO t1 VALUES (1);
connection node_2;
SET GLOBAL debug_dbug = 'd,sync.wsrep_alter_locked_tables';
connection node_1;
SET SESSION wsrep_osu_method=NBO;
ALTER TABLE t1 ALGORITHM=COPY, LOCK=SHARED, ADD PRIMARY KEY (f1);;
connection node_2;
SET SESSION wsrep_sync_wait=0;
INSERT INTO t2 VALUES (2);
SET SESSION lock_wait_timeout=1;
INSERT INTO t1 VALUES (1);
ERROR HY000: Lock wait timeout exceeded; try restarting transaction
connect node_1a, 127.0.0.1, root, , test, $NODE_MYPORT_1;
connection node_1a;
SET SESSION lock_wait_timeout=1;
INSERT INTO t2 VALUES (3);
INSERT INTO t1 VALUES (3);
ERROR HY000: Lock wait timeout exceeded; try restarting transaction
connection node_2;
SET DEBUG_SYNC= 'now SIGNAL signal.wsrep_alter_locked_tables';
SET GLOBAL debug_dbug = '';
SHOW CREATE TABLE t1;
Table	Create Table
t1	CREATE TABLE `t1` (
  `f1` int(11) NOT NULL,
  PRIMARY KEY (`f1`)
) ENGINE=InnoDB DEFAULT CHARSET=latin1
SELECT COUNT(*) = 1 FROM t1;
COUNT(*) = 1
1
SELECT COUNT(*) = 2 FROM t2;
COUNT(*) = 2
1
connection node_1;
SHOW CREATE TABLE t1;
Table	Create Table
t1	CREATE TABLE `t1` (
  `f1` int(11) NOT NULL,
  PRIMARY KEY (`f1`)
) ENGINE=InnoDB DEFAULT CHARSET=latin1
SELECT COUNT(*) = 1 FROM t1;
COUNT(*) = 1
1
SELECT COUNT(*) = 2 FROM t2;
COUNT(*) = 2
1
SET SESSION wsrep_OSU_method=TOI;
DROP TABLE t1;
DROP TABLE t2;
connection node_2;
SET DEBUG_SYNC= 'RESET';
